,url
0,https://books.toscrape.com/catalogue/a-light-in-the-attic_1000/index.html
1,https://books.toscrape.com/catalogue/tipping-the-velvet_999/index.html
2,https://books.toscrape.com/catalogue/soumission_998/index.html
3,https://books.toscrape.com/catalogue/sharp-objects_997/index.html
4,https://books.toscrape.com/catalogue/sapiens-a-brief-history-of-humankind_996/index.html
5,https://books.toscrape.com/catalogue/the-requiem-red_995/index.html
6,https://books.toscrape.com/catalogue/the-dirty-little-secrets-of-getting-your-dream-job_994/index.html
7,https://books.toscrape.com/catalogue/the-coming-woman-a-novel-based-on-the-life-of-the-infamous-feminist-victoria-woodhull_993/index.html
8,https://books.toscrape.com/catalogue/the-boys-in-the-boat-nine-americans-and-their-epic-quest-for-gold-at-the-1936-berlin-olympics_992/index.html
9,https://books.toscrape.com/catalogue/the-black-maria_991/index.html
10,https://books.toscrape.com/catalogue/starving-hearts-triangular-trade-trilogy-1_990/index.html
11,https://books.toscrape.com/catalogue/shakespeares-sonnets_989/index.html
12,https://books.toscrape.com/catalogue/set-me-free_988/index.html
13,https://books.toscrape.com/catalogue/scott-pilgrims-precious-little-life-scott-pilgrim-1_987/index.html
14,https://books.toscrape.com/catalogue/rip-it-up-and-start-again_986/index.html
15,https://books.toscrape.com/catalogue/our-band-could-be-your-life-scenes-from-the-american-indie-underground-1981-1991_985/index.html
16,https://books.toscrape.com/catalogue/olio_984/index.html
17,https://books.toscrape.com/catalogue/mesaerion-the-best-science-fiction-stories-1800-1849_983/index.html
18,https://books.toscrape.com/catalogue/libertarianism-for-beginners_982/index.html
19,https://books.toscrape.com/catalogue/its-only-the-himalayas_981/index.html
20,https://books.toscrape.com/catalogue/in-her-wake_980/index.html
21,https://books.toscrape.com/catalogue/how-music-works_979/index.html
22,https://books.toscrape.com/catalogue/foolproof-preserving-a-guide-to-small-batch-jams-jellies-pickles-condiments-and-more-a-foolproof-guide-to-making-small-batch-jams-jellies-pickles-condiments-and-more_978/index.html
23,https://books.toscrape.com/catalogue/chase-me-paris-nights-2_977/index.html
24,https://books.toscrape.com/catalogue/black-dust_976/index.html
25,https://books.toscrape.com/catalogue/birdsong-a-story-in-pictures_975/index.html
26,https://books.toscrape.com/catalogue/americas-cradle-of-quarterbacks-western-pennsylvanias-football-factory-from-johnny-unitas-to-joe-montana_974/index.html
27,https://books.toscrape.com/catalogue/aladdin-and-his-wonderful-lamp_973/index.html
28,https://books.toscrape.com/catalogue/worlds-elsewhere-journeys-around-shakespeares-globe_972/index.html
29,https://books.toscrape.com/catalogue/wall-and-piece_971/index.html
30,https://books.toscrape.com/catalogue/the-four-agreements-a-practical-guide-to-personal-freedom_970/index.html
31,https://books.toscrape.com/catalogue/the-five-love-languages-how-to-express-heartfelt-commitment-to-your-mate_969/index.html
32,https://books.toscrape.com/catalogue/the-elephant-tree_968/index.html
33,https://books.toscrape.com/catalogue/the-bear-and-the-piano_967/index.html
34,https://books.toscrape.com/catalogue/sophies-world_966/index.html
35,https://books.toscrape.com/catalogue/penny-maybe_965/index.html
36,https://books.toscrape.com/catalogue/maude-1883-1993she-grew-up-with-the-country_964/index.html
37,https://books.toscrape.com/catalogue/in-a-dark-dark-wood_963/index.html
38,https://books.toscrape.com/catalogue/behind-closed-doors_962/index.html
39,https://books.toscrape.com/catalogue/you-cant-bury-them-all-poems_961/index.html
40,https://books.toscrape.com/catalogue/slow-states-of-collapse-poems_960/index.html
41,https://books.toscrape.com/catalogue/reasons-to-stay-alive_959/index.html
42,https://books.toscrape.com/catalogue/private-paris-private-10_958/index.html
43,https://books.toscrape.com/catalogue/higherselfie-wake-up-your-life-free-your-soul-find-your-tribe_957/index.html
44,https://books.toscrape.com/catalogue/without-borders-wanderlove-1_956/index.html
45,https://books.toscrape.com/catalogue/when-we-collided_955/index.html
46,https://books.toscrape.com/catalogue/we-love-you-charlie-freeman_954/index.html
47,https://books.toscrape.com/catalogue/untitled-collection-sabbath-poems-2014_953/index.html
48,https://books.toscrape.com/catalogue/unseen-city-the-majesty-of-pigeons-the-discreet-charm-of-snails-other-wonders-of-the-urban-wilderness_952/index.html
49,https://books.toscrape.com/catalogue/unicorn-tracks_951/index.html
50,https://books.toscrape.com/catalogue/unbound-how-eight-technologies-made-us-human-transformed-society-and-brought-our-world-to-the-brink_950/index.html
51,https://books.toscrape.com/catalogue/tsubasa-world-chronicle-2-tsubasa-world-chronicle-2_949/index.html
52,https://books.toscrape.com/catalogue/throwing-rocks-at-the-google-bus-how-growth-became-the-enemy-of-prosperity_948/index.html
53,https://books.toscrape.com/catalogue/this-one-summer_947/index.html
54,https://books.toscrape.com/catalogue/thirst_946/index.html
55,https://books.toscrape.com/catalogue/the-torch-is-passed-a-harding-family-story_945/index.html
56,https://books.toscrape.com/catalogue/the-secret-of-dreadwillow-carse_944/index.html
57,https://books.toscrape.com/catalogue/the-pioneer-woman-cooks-dinnertime-comfort-classics-freezer-food-16-minute-meals-and-other-delicious-ways-to-solve-supper_943/index.html
58,https://books.toscrape.com/catalogue/the-past-never-ends_942/index.html
59,https://books.toscrape.com/catalogue/the-natural-history-of-us-the-fine-art-of-pretending-2_941/index.html
60,https://books.toscrape.com/catalogue/the-nameless-city-the-nameless-city-1_940/index.html
61,https://books.toscrape.com/catalogue/the-murder-that-never-was-forensic-instincts-5_939/index.html
62,https://books.toscrape.com/catalogue/the-most-perfect-thing-inside-and-outside-a-birds-egg_938/index.html
63,https://books.toscrape.com/catalogue/the-mindfulness-and-acceptance-workbook-for-anxiety-a-guide-to-breaking-free-from-anxiety-phobias-and-worry-using-acceptance-and-commitment-therapy_937/index.html
64,https://books.toscrape.com/catalogue/the-life-changing-magic-of-tidying-up-the-japanese-art-of-decluttering-and-organizing_936/index.html
65,https://books.toscrape.com/catalogue/the-inefficiency-assassin-time-management-tactics-for-working-smarter-not-longer_935/index.html
66,https://books.toscrape.com/catalogue/the-gutsy-girl-escapades-for-your-life-of-epic-adventure_934/index.html
67,https://books.toscrape.com/catalogue/the-electric-pencil-drawings-from-inside-state-hospital-no-3_933/index.html
68,https://books.toscrape.com/catalogue/the-death-of-humanity-and-the-case-for-life_932/index.html
69,https://books.toscrape.com/catalogue/the-bulletproof-diet-lose-up-to-a-pound-a-day-reclaim-energy-and-focus-upgrade-your-life_931/index.html
70,https://books.toscrape.com/catalogue/the-art-forger_930/index.html
71,https://books.toscrape.com/catalogue/the-age-of-genius-the-seventeenth-century-and-the-birth-of-the-modern-mind_929/index.html
72,https://books.toscrape.com/catalogue/the-activists-tao-te-ching-ancient-advice-for-a-modern-revolution_928/index.html
73,https://books.toscrape.com/catalogue/spark-joy-an-illustrated-master-class-on-the-art-of-organizing-and-tidying-up_927/index.html
74,https://books.toscrape.com/catalogue/soul-reader_926/index.html
75,https://books.toscrape.com/catalogue/security_925/index.html
76,https://books.toscrape.com/catalogue/saga-volume-6-saga-collected-editions-6_924/index.html
77,https://books.toscrape.com/catalogue/saga-volume-5-saga-collected-editions-5_923/index.html
78,https://books.toscrape.com/catalogue/reskilling-america-learning-to-labor-in-the-twenty-first-century_922/index.html
79,https://books.toscrape.com/catalogue/rat-queens-vol-3-demons-rat-queens-collected-editions-11-15_921/index.html
80,https://books.toscrape.com/catalogue/princess-jellyfish-2-in-1-omnibus-vol-01-princess-jellyfish-2-in-1-omnibus-1_920/index.html
81,https://books.toscrape.com/catalogue/princess-between-worlds-wide-awake-princess-5_919/index.html
82,https://books.toscrape.com/catalogue/pop-gun-war-volume-1-gift_918/index.html
83,https://books.toscrape.com/catalogue/political-suicide-missteps-peccadilloes-bad-calls-backroom-hijinx-sordid-pasts-rotten-breaks-and-just-plain-dumb-mistakes-in-the-annals-of-american-politics_917/index.html
84,https://books.toscrape.com/catalogue/patience_916/index.html
85,https://books.toscrape.com/catalogue/outcast-vol-1-a-darkness-surrounds-him-outcast-1_915/index.html
86,https://books.toscrape.com/catalogue/orange-the-complete-collection-1-orange-the-complete-collection-1_914/index.html
87,https://books.toscrape.com/catalogue/online-marketing-for-busy-authors-a-step-by-step-guide_913/index.html
88,https://books.toscrape.com/catalogue/on-a-midnight-clear_912/index.html
89,https://books.toscrape.com/catalogue/obsidian-lux-1_911/index.html
90,https://books.toscrape.com/catalogue/my-paris-kitchen-recipes-and-stories_910/index.html
91,https://books.toscrape.com/catalogue/masks-and-shadows_909/index.html
92,https://books.toscrape.com/catalogue/mama-tried-traditional-italian-cooking-for-the-screwed-crude-vegan-and-tattooed_908/index.html
93,https://books.toscrape.com/catalogue/lumberjanes-vol-2-friendship-to-the-max-lumberjanes-5-8_907/index.html
94,https://books.toscrape.com/catalogue/lumberjanes-vol-1-beware-the-kitten-holy-lumberjanes-1-4_906/index.html
95,https://books.toscrape.com/catalogue/lumberjanes-vol-3-a-terrible-plan-lumberjanes-9-12_905/index.html
96,https://books.toscrape.com/catalogue/layered-baking-building-and-styling-spectacular-cakes_904/index.html
97,https://books.toscrape.com/catalogue/judo-seven-steps-to-black-belt-an-introductory-guide-for-beginners_903/index.html
98,https://books.toscrape.com/catalogue/join_902/index.html
99,https://books.toscrape.com/catalogue/in-the-country-we-love-my-family-divided_901/index.html
100,https://books.toscrape.com/catalogue/immunity-how-elie-metchnikoff-changed-the-course-of-modern-medicine_900/index.html
101,https://books.toscrape.com/catalogue/i-hate-fairyland-vol-1-madly-ever-after-i-hate-fairyland-compilations-1-5_899/index.html
102,https://books.toscrape.com/catalogue/i-am-a-hero-omnibus-volume-1_898/index.html
103,https://books.toscrape.com/catalogue/how-to-be-miserable-40-strategies-you-already-use_897/index.html
104,https://books.toscrape.com/catalogue/her-backup-boyfriend-the-sorensen-family-1_896/index.html
105,https://books.toscrape.com/catalogue/giant-days-vol-2-giant-days-5-8_895/index.html
106,https://books.toscrape.com/catalogue/forever-and-forever-the-courtship-of-henry-longfellow-and-fanny-appleton_894/index.html
107,https://books.toscrape.com/catalogue/first-and-first-five-boroughs-3_893/index.html
108,https://books.toscrape.com/catalogue/fifty-shades-darker-fifty-shades-2_892/index.html
109,https://books.toscrape.com/catalogue/everydata-the-misinformation-hidden-in-the-little-data-you-consume-every-day_891/index.html
110,https://books.toscrape.com/catalogue/dont-be-a-jerk-and-other-practical-advice-from-dogen-japans-greatest-zen-master_890/index.html
111,https://books.toscrape.com/catalogue/danganronpa-volume-1_889/index.html
112,https://books.toscrape.com/catalogue/crown-of-midnight-throne-of-glass-2_888/index.html
113,https://books.toscrape.com/catalogue/codename-baboushka-volume-1-the-conclave-of-death_887/index.html
114,https://books.toscrape.com/catalogue/camp-midnight_886/index.html
115,https://books.toscrape.com/catalogue/call-the-nurse-true-stories-of-a-country-nurse-on-a-scottish-isle_885/index.html
116,https://books.toscrape.com/catalogue/burning_884/index.html
117,https://books.toscrape.com/catalogue/bossypants_883/index.html
118,https://books.toscrape.com/catalogue/bitch-planet-vol-1-extraordinary-machine-bitch-planet-collected-editions_882/index.html
119,https://books.toscrape.com/catalogue/avatar-the-last-airbender-smoke-and-shadow-part-3-smoke-and-shadow-3_881/index.html
120,https://books.toscrape.com/catalogue/algorithms-to-live-by-the-computer-science-of-human-decisions_880/index.html
121,https://books.toscrape.com/catalogue/a-world-of-flavor-your-gluten-free-passport_879/index.html
122,https://books.toscrape.com/catalogue/a-piece-of-sky-a-grain-of-rice-a-memoir-in-four-meditations_878/index.html
123,https://books.toscrape.com/catalogue/a-murder-in-time_877/index.html
124,https://books.toscrape.com/catalogue/a-flight-of-arrows-the-pathfinders-2_876/index.html
125,https://books.toscrape.com/catalogue/a-fierce-and-subtle-poison_875/index.html
126,https://books.toscrape.com/catalogue/a-court-of-thorns-and-roses-a-court-of-thorns-and-roses-1_874/index.html
127,https://books.toscrape.com/catalogue/unqualified-how-god-uses-broken-people-to-do-big-things_873/index.html
128,https://books.toscrape.com/catalogue/you-are-what-you-love-the-spiritual-power-of-habit_872/index.html
129,https://books.toscrape.com/catalogue/william-shakespeares-star-wars-verily-a-new-hope-william-shakespeares-star-wars-4_871/index.html
130,https://books.toscrape.com/catalogue/tuesday-nights-in-1980_870/index.html
131,https://books.toscrape.com/catalogue/tracing-numbers-on-a-train_869/index.html
132,https://books.toscrape.com/catalogue/throne-of-glass-throne-of-glass-1_868/index.html
133,https://books.toscrape.com/catalogue/thomas-jefferson-and-the-tripoli-pirates-the-forgotten-war-that-changed-american-history_867/index.html
134,https://books.toscrape.com/catalogue/thirteen-reasons-why_866/index.html
135,https://books.toscrape.com/catalogue/the-white-cat-and-the-monk-a-retelling-of-the-poem-pangur-ban_865/index.html
136,https://books.toscrape.com/catalogue/the-wedding-dress_864/index.html
137,https://books.toscrape.com/catalogue/the-vacationers_863/index.html
138,https://books.toscrape.com/catalogue/the-third-wave-an-entrepreneurs-vision-of-the-future_862/index.html
139,https://books.toscrape.com/catalogue/the-stranger_861/index.html
140,https://books.toscrape.com/catalogue/the-shadow-hero-the-shadow-hero_860/index.html
141,https://books.toscrape.com/catalogue/the-secret-the-secret-1_859/index.html
142,https://books.toscrape.com/catalogue/the-regional-office-is-under-attack_858/index.html
143,https://books.toscrape.com/catalogue/the-psychopath-test-a-journey-through-the-madness-industry_857/index.html
144,https://books.toscrape.com/catalogue/the-project_856/index.html
145,https://books.toscrape.com/catalogue/the-power-of-now-a-guide-to-spiritual-enlightenment_855/index.html
146,https://books.toscrape.com/catalogue/the-omnivores-dilemma-a-natural-history-of-four-meals_854/index.html
147,https://books.toscrape.com/catalogue/the-nerdy-nummies-cookbook-sweet-treats-for-the-geek-in-all-of-us_853/index.html
148,https://books.toscrape.com/catalogue/the-murder-of-roger-ackroyd-hercule-poirot-4_852/index.html
149,https://books.toscrape.com/catalogue/the-mistake-off-campus-2_851/index.html
150,https://books.toscrape.com/catalogue/the-matchmakers-playbook-wingmen-inc-1_850/index.html
151,https://books.toscrape.com/catalogue/the-love-and-lemons-cookbook-an-apple-to-zucchini-celebration-of-impromptu-cooking_849/index.html
152,https://books.toscrape.com/catalogue/the-long-shadow-of-small-ghosts-murder-and-memory-in-an-american-city_848/index.html
153,https://books.toscrape.com/catalogue/the-kite-runner_847/index.html
154,https://books.toscrape.com/catalogue/the-house-by-the-lake_846/index.html
155,https://books.toscrape.com/catalogue/the-glittering-court-the-glittering-court-1_845/index.html
156,https://books.toscrape.com/catalogue/the-girl-on-the-train_844/index.html
157,https://books.toscrape.com/catalogue/the-genius-of-birds_843/index.html
158,https://books.toscrape.com/catalogue/the-emerald-mystery_842/index.html
159,https://books.toscrape.com/catalogue/the-cookies-cups-cookbook-125-sweet-savory-recipes-reminding-you-to-always-eat-dessert-first_841/index.html
160,https://books.toscrape.com/catalogue/the-bridge-to-consciousness-im-writing-the-bridge-between-science-and-our-old-and-new-beliefs_840/index.html
161,https://books.toscrape.com/catalogue/the-artists-way-a-spiritual-path-to-higher-creativity_839/index.html
162,https://books.toscrape.com/catalogue/the-art-of-war_838/index.html
163,https://books.toscrape.com/catalogue/the-argonauts_837/index.html
164,https://books.toscrape.com/catalogue/the-10-entrepreneur-live-your-startup-dream-without-quitting-your-day-job_836/index.html
165,https://books.toscrape.com/catalogue/suddenly-in-love-lake-haven-1_835/index.html
166,https://books.toscrape.com/catalogue/something-more-than-this_834/index.html
167,https://books.toscrape.com/catalogue/soft-apocalypse_833/index.html
168,https://books.toscrape.com/catalogue/so-youve-been-publicly-shamed_832/index.html
169,https://books.toscrape.com/catalogue/shoe-dog-a-memoir-by-the-creator-of-nike_831/index.html
170,https://books.toscrape.com/catalogue/shobu-samurai-project-aryoku-3_830/index.html
171,https://books.toscrape.com/catalogue/secrets-and-lace-fatal-hearts-1_829/index.html
172,https://books.toscrape.com/catalogue/scarlett-epstein-hates-it-here_828/index.html
173,https://books.toscrape.com/catalogue/romero-and-juliet-a-tragic-tale-of-love-and-zombies_827/index.html
174,https://books.toscrape.com/catalogue/redeeming-love_826/index.html
175,https://books.toscrape.com/catalogue/poses-for-artists-volume-1-dynamic-and-sitting-poses-an-essential-reference-for-figure-drawing-and-the-human-form_825/index.html
176,https://books.toscrape.com/catalogue/poems-that-make-grown-women-cry_824/index.html
177,https://books.toscrape.com/catalogue/nightingale-sing_823/index.html
178,https://books.toscrape.com/catalogue/night-sky-with-exit-wounds_822/index.html
179,https://books.toscrape.com/catalogue/mrs-houdini_821/index.html
